"0","biomarker_not_transformed <- read_csv('../data/biomarker-raw.csv', "
"0","         skip = 2,"
"0","         col_select = -2L,"
"0","         col_names = c('group', "
"0","                       'empty',"
"0","                       pull(var_names, abbreviation),"
"0","                       'ados'),"
"0","         na = c('-', '')) %>%"
"0","  filter(!is.na(group)) %>%"
"0","  # reorder columns"
"0","  select(group, ados, everything())"
"2","[1mRows: [22m[34m155[39m [1mColumns: [22m[34m1319[39m"
"2","[36mâ”€â”€[39m [1mColumn specification[22m [36mâ”€â”€â”€â”€â”€â”€â”€â”€â”€â”€â”€â”€â”€â”€â”€â”€â”€â”€â”€â”€â”€â”€â”€â”€â”€â”€â”€â”€â”€â”€â”€â”€â”€â”€â”€â”€â”€â”€â”€â”€â”€â”€â”€â”€â”€â”€â”€â”€â”€â”€â”€â”€â”€â”€â”€â”€â”€â”€â”€â”€â”€â”€â”€â”€â”€â”€â”€â”€â”€â”€â”€â”€â”€â”€â”€â”€â”€â”€â”€â”€â”€â”€â”€â”€â”€â”€â”€â”€[39m
[1mDelimiter:[22m "",""
[31mchr[39m    (1): group
[32mdbl[39m (1318): CHIP, CEBPB, NSE, PIAS4, IL-10 Ra, STAT3, IRF1, c-Jun, Mcl-1, OAS1, c-Myc, SMAD3, SMAD2, IL-23, ..."
"2","
[36mâ„¹[39m Use `spec()` to retrieve the full column specification for this data.
[36mâ„¹[39m Specify the column types or set `show_col_types = FALSE` to quiet this message."
